Workbook

Sheet 1_Input_Parameters
A1: MACC Model Parameters
A3: === STREAMLIT BASELINE VALUES (2050) ===
A4: Shaheen H2 Demand | B4: 7703.5 | C4: kt/year | D4: From Streamlit - Shaheen + NCC-H2
A5: Shaheen Electricity Demand | B5: 164.5 | C5: TWh/year | D5: From Streamlit - Shaheen + NCC-Elec
A7: === SCENARIO SCALING FACTORS ===
A8: (Based on H2 ratios from Streamlit)
A9: Shaheen Scale Factor | B9: 1 | D9: Baseline
A10: 구조조정 25% Scale Factor | B10: 0.60086973 | D10: =4628.8 / 7703.5
A11: 구조조정 40% Scale Factor | B11: 0.52173687 | D11: =4019.2 / 7703.5
A13: === H2 REGIONAL SHARES (Ethylene-based) ===
A14: Daesan H2 Share | B14: 0.39918074
A15: Yeosu H2 Share | B15: 0.45519144 | D15: =4775/11962
A16: Ulsan H2 Share | B16: 0.05517472 | D16: =5445/11962
A17: Onsan H2 Share | B17: 0.090453101 | D17: =660/11962
A18: Onsan Share | B18: 0.09 | D18: =1082/11962
A19: === ELECTRICITY REGIONAL SHARES (NCC-based) ===
A20: Daesan Elec Share | B20: 0.35805471 | D20: =58.9 / 164.5 (from Streamlit)
A21: Yeosu Elec Share | B21: 0.3775076 | C21: kt | D21: =62.1 / 164.5 (from Streamlit)
A22: Ulsan Elec Share | B22: 0.093009119 | C22: kt | D22: =15.3 / 164.5 (from Streamlit)
A23: Onsan Elec Share | B23: 0.17203647 | C23: kt | D23: =28.3 / 164.5 (from Streamlit)
A24: Shaheen Elec Check | B24: =B5*B9 | C24: TWh | D24: Should equal B5
A25: === VALIDATION === | B25: =B5*B10 | C25: TWh | D25: =Shaheen * 0.601 = 98.9
A26: 구조조정 40% Elec | B26: =B5*B11 | C26: TWh | D26: =Shaheen * 0.522 = 85.9

Sheet 2_6Scenario_Summary
A1: Scenario | B1: Technology | C1: H2 (kt) | D1: Electricity (TWh)
A2: Shaheen + NCC-H2 | B2: NCC-H2 | C2: ='1_Input_Parameters'!B4*'1_Input_Parameters'!B9 | D2: 0
A3: Shaheen + NCC-Elec | B3: NCC-Electricity | C3: 0 | D3: ='1_Input_Parameters'!B5*'1_Input_Parameters'!B9
A4: 구조조정 25% + NCC-H2 | B4: NCC-H2 | C4: ='1_Input_Parameters'!B4*'1_Input_Parameters'!B10 | D4: 0
A5: 구조조정 25% + NCC-Elec | B5: NCC-Electricity | C5: 0 | D5: ='1_Input_Parameters'!B5*'1_Input_Parameters'!B10
A6: 구조조정 40% + NCC-H2 | B6: NCC-H2 | C6: ='1_Input_Parameters'!B4*'1_Input_Parameters'!B11 | D6: 0
A7: 구조조정 40% + NCC-Elec | B7: NCC-Electricity | C7: 0 | D7: ='1_Input_Parameters'!B5*'1_Input_Parameters'!B11

Sheet 3_Regional_H2
A1: Location | B1: Share (%) | C1: Shaheen H2 (kt) | D1: 구조조정25% H2 (kt) | E1: 구조조정40% H2 (kt)
A2: Daesan | B2: ='1_Input_Parameters'!B14*100 | C2: ='2_6Scenario_Summary'!C2*'1_Input_Parameters'!B14 | D2: ='2_6Scenario_Summary'!C4*'1_Input_Parameters'!B14 | E2: ='2_6Scenario_Summary'!C6*'1_Input_Parameters'!B14
A3: Yeosu | B3: ='1_Input_Parameters'!B15*100 | C3: ='2_6Scenario_Summary'!C2*'1_Input_Parameters'!B15 | D3: ='2_6Scenario_Summary'!C4*'1_Input_Parameters'!B15 | E3: ='2_6Scenario_Summary'!C6*'1_Input_Parameters'!B15
A4: Ulsan | B4: ='1_Input_Parameters'!B16*100 | C4: ='2_6Scenario_Summary'!C2*'1_Input_Parameters'!B16 | D4: ='2_6Scenario_Summary'!C4*'1_Input_Parameters'!B16 | E4: ='2_6Scenario_Summary'!C6*'1_Input_Parameters'!B16
A5: Onsan | B5: ='1_Input_Parameters'!B17*100 | C5: ='2_6Scenario_Summary'!C2*'1_Input_Parameters'!B17 | D5: ='2_6Scenario_Summary'!C4*'1_Input_Parameters'!B17 | E5: ='2_6Scenario_Summary'!C6*'1_Input_Parameters'!B17
A6: TOTAL | B6: 100% | C6: =SUM(C2:C5) | D6: =SUM(D2:D5) | E6: =SUM(E2:E5)

Sheet 4_Regional_Electricity
A1: Location | B1: Share (%) | C1: Shaheen Elec (TWh) | D1: 구조조정25% Elec (TWh) | E1: 구조조정40% Elec (TWh)
A2: Daesan | B2: ='1_Input_Parameters'!B20*100 | C2: ='2_6Scenario_Summary'!D3*'1_Input_Parameters'!B20 | D2: ='2_6Scenario_Summary'!D5*'1_Input_Parameters'!B20 | E2: ='2_6Scenario_Summary'!D7*'1_Input_Parameters'!B20
A3: Yeosu | B3: ='1_Input_Parameters'!B21*100 | C3: ='2_6Scenario_Summary'!D3*'1_Input_Parameters'!B21 | D3: ='2_6Scenario_Summary'!D5*'1_Input_Parameters'!B21 | E3: ='2_6Scenario_Summary'!D7*'1_Input_Parameters'!B21
A4: Ulsan | B4: ='1_Input_Parameters'!B22*100 | C4: ='2_6Scenario_Summary'!D3*'1_Input_Parameters'!B22 | D4: ='2_6Scenario_Summary'!D5*'1_Input_Parameters'!B22 | E4: ='2_6Scenario_Summary'!D7*'1_Input_Parameters'!B22
A5: Onsan | B5: ='1_Input_Parameters'!B23*100 | C5: ='2_6Scenario_Summary'!D3*'1_Input_Parameters'!B23 | D5: ='2_6Scenario_Summary'!D5*'1_Input_Parameters'!B23 | E5: ='2_6Scenario_Summary'!D7*'1_Input_Parameters'!B23
A6: TOTAL | B6: 100% | C6: =SUM(C2:C5) | D6: =SUM(D2:D5) | E6: =SUM(E2:E5)

Sheet 5_NCC_Facilities
A1: product | B1: company | C1: location | D1: complex | E1: capacity_kt | F1: year_built
A2: Ethylene | B2: Lotte Chemical | C2: Daesan | D2: Daesan Complex | E2: 1100 | F2: 1991
A3: Ethylene | B3: HD Hyundai Chemical | C3: Daesan | D3: Daesan Complex | E3: 850 | F3: 2021
A4: Ethylene | B4: LG Chem | C4: Daesan | D4: Daesan Complex | E4: 1300 | F4: 1991
A5: Ethylene | B5: Hanwha TotalEnergies | C5: Daesan | D5: Daesan Complex | E5: 1525 | F5: 1991
A6: Ethylene | B6: Lotte Chemical | C6: Yeosu | D6: Yeosu Complex | E6: 1230 | F6: 1992
A7: Ethylene | B7: LG Chem | C7: Yeosu | D7: Yeosu Complex | E7: 1030 | F7: 2021
A8: Ethylene | B8: Yeochon NCC | C8: Yeosu | D8: Yeosu Complex | E8: 2285 | F8: 1979
A9: Ethylene | B9: GS Caltex | C9: Yeosu | D9: Yeosu Complex | E9: 900 | F9: 2021
A10: Ethylene | B10: Daehan Oil Chemical | C10: Onsan | D10: Ulsan Complex | E10: 900 | F10: 1991
A11: Ethylene | B11: S-Oil | C11: Onsan | D11: Ulsan Complex | E11: 182 | F11: 2018
A12: Ethylene | B12: SK Geocentric | C12: Ulsan | D12: Ulsan Complex | E12: 660 | F12: 1989
A13: Propylene | B13: Lotte Chemical | C13: Daesan | D13: Daesan Complex | E13: 550 | F13: 1997
... A42: C-H | B42: Caprolactam | C42: Ulsan | D42: Ulsan Complex | E42: 190 | F42: 2000
A43: TOTAL | E43: 25667

Sheet 6_Ethylene_Facilities
A1: company | B1: location | C1: complex | D1: capacity_kt | E1: year_built
A2: Lotte Chemical | B2: Daesan | C2: Daesan Complex | D2: 1100 | E2: 1991
A3: HD Hyundai Chemical | B3: Daesan | C3: Daesan Complex | D3: 850 | E3: 2021
A4: LG Chem | B4: Daesan | C4: Daesan Complex | D4: 1300 | E4: 1991
A5: Hanwha TotalEnergies | B5: Daesan | C5: Daesan Complex | D5: 1525 | E5: 1991
A6: Lotte Chemical | B6: Yeosu | C6: Yeosu Complex | D6: 1230 | E6: 1992
A7: LG Chem | B7: Yeosu | C7: Yeosu Complex | D7: 1030 | E7: 2021
A8: Yeochon NCC | B8: Yeosu | C8: Yeosu Complex | D8: 2285 | E8: 1979
A9: GS Caltex | B9: Yeosu | C9: Yeosu Complex | D9: 900 | E9: 2021
A10: Daehan Oil Chemical | B10: Onsan | C10: Ulsan Complex | D10: 900 | E10: 1991
A11: S-Oil | B11: Onsan | C11: Ulsan Complex | D11: 182 | E11: 2018
A12: SK Geocentric | B12: Ulsan | C12: Ulsan Complex | D12: 660 | E12: 1989
A13: TOTAL | D13: 11962
A15: By Location:
A16: Daesan | D16: 4775 | E16: 39.9%
A17: Onsan | D17: 1082 | E17: 9.0%
A18: Ulsan | D18: 660 | E18: 5.5%
A19: Yeosu | D19: 5445 | E19: 45.5%
