Workbook

Sheet 1_Parameters
A1: NCC Energy Transition Model - Parameters
A3: === BASELINE CAPACITY (2025) ===
A4: Total Ethylene Capacity | B4: 11962 | C4: kt/year | D4: 11 facilities
A5: Total NCC Capacity | B5: 25317 | C5: kt/year | D5: 41 facilities
A7: === NCC-H2 TECHNOLOGY PARAMETERS ===
A8: H2 Intensity | B8: 0.56 | C8: ton H2/ton C2H4 | D8: Lummus Tech 2023
A9: CAPEX 2025 | B9: 1550 | C9: $/t-C2H4/yr | D9: Literature mean
A10: CAPEX 2030 | B10: 1300 | C10: $/t-C2H4/yr
A11: CAPEX 2040 | B11: 935 | C11: $/t-C2H4/yr
A12: CAPEX 2050 | B12: 780 | C12: $/t-C2H4/yr
A13: OPEX (% of CAPEX) | B13: 4 | C13: % | D13: Industry standard
A14: Lifetime | B14: 25 | C14: years
A16: === NCC-ELECTRICITY TECHNOLOGY PARAMETERS ===
A17: Elec Intensity | B17: 5 | C17: MWh/ton C2H4 | D17: BASF/SABIC/Linde 2024
A18: CAPEX 2025 | B18: 1500 | C18: $/t-C2H4/yr | D18: Literature mean
A19: CAPEX 2030 | B19: 1350 | C19: $/t-C2H4/yr
A20: CAPEX 2040 | B20: 1050 | C20: $/t-C2H4/yr
A21: CAPEX 2050 | B21: 900 | C21: $/t-C2H4/yr
A22: OPEX (% of CAPEX) | B22: 4 | C22: % | D22: Industry standard
A23: Lifetime | B23: 25 | C23: years
A25: === STREAMLIT 2050 BASELINE VALUES ===
A26: Shaheen H2 Demand (2050) | B26: 7703.5 | C26: kt/year | D26: From model optimization
A27: Shaheen Elec Demand (2050) | B27: 164.5 | C27: TWh/year | D27: From model optimization
A28: 구조조정 25% Scale | B28: 0.60087 | D28: =4628.8 / 7703.5
A29: 구조조정 40% Scale | B29: 0.52174 | D29: =4019.2 / 7703.5

Sheet 2_Price_Trajectories
A1: Year | B1: H2 Price ($/kg) | C1: RE Price ($/MWh) | D1: Grid Price ($/MWh)
A2: 2025 | B2: 6.73 | C2: 129.29 | D2: 100
A3: 2026 | B3: 6.56 | C3: 134.46 | D3: 103.66
A4: 2027 | B4: 6.39 | C4: 139.84 | D4: 107.31
A5: 2028 | B5: 6.22 | C5: 145.43 | D5: 110.97
A6: 2029 | B6: 6.05 | C6: 151.25 | D6: 114.62
A7: 2030 | B7: 5.88 | C7: 157.3 | D7: 118.28
A8: 2031 | B8: 5.71 | C8: 163.59 | D8: 121.93
A9: 2032 | B9: 5.53 | C9: 170.13 | D9: 125.59
A10: 2033 | B10: 5.36 | C10: 176.94 | D10: 129.24
A11: 2034 | B11: 5.19 | C11: 184.02 | D11: 132.9
A12: 2035 | B12: 5.02 | C12: 191.38 | D12: 136.55
A13: 2036 | B13: 4.84 | C13: 191.38 | D13: 140.21
... A27: 2050 | B27: 2.63 | C27: 191.38 | D27: 191.38

Sheet 3_Production_Scenarios
A1: Year | B1: Shaheen Multiplier | C1: 구조조정 25% Multiplier | D1: 구조조정 40% Multiplier | E1: Shaheen Ethylene (kt) | F1: 구조조정 25% Ethylene (kt) | G1: 구조조정 40% Ethylene (kt)
A2: 2025 | B2: 1 | C2: 1 | D2: 1 | E2: ='1_Parameters'!$B$4*B2 | F2: ='1_Parameters'!$B$4*C2 | G2: ='1_Parameters'!$B$4*D2
A3: 2026 | B3: 1.15 | C3: 0.691 | D3: 0.97 | E3: ='1_Parameters'!$B$4*B3 | F3: ='1_Parameters'!$B$4*C3 | G3: ='1_Parameters'!$B$4*D3
A4: 2027 | B4: 1.15 | C4: 0.691 | D4: 0.944 | E4: ='1_Parameters'!$B$4*B4 | F4: ='1_Parameters'!$B$4*C4 | G4: ='1_Parameters'!$B$4*D4
A5: 2028 | B5: 1.15 | C5: 0.691 | D5: 0.917 | E5: ='1_Parameters'!$B$4*B5 | F5: ='1_Parameters'!$B$4*C5 | G5: ='1_Parameters'!$B$4*D5
A6: 2029 | B6: 1.15 | C6: 0.691 | D6: 0.891 | E6: ='1_Parameters'!$B$4*B6 | F6: ='1_Parameters'!$B$4*C6 | G6: ='1_Parameters'!$B$4*D6
A7: 2030 | B7: 1.15 | C7: 0.691 | D7: 0.875 | E7: ='1_Parameters'!$B$4*B7 | F7: ='1_Parameters'!$B$4*C7 | G7: ='1_Parameters'!$B$4*D7
A8: 2031 | B8: 1.15 | C8: 0.691 | D8: 0.849 | E8: ='1_Parameters'!$B$4*B8 | F8: ='1_Parameters'!$B$4*C8 | G8: ='1_Parameters'!$B$4*D8
A9: 2032 | B9: 1.15 | C9: 0.691 | D9: 0.823 | E9: ='1_Parameters'!$B$4*B9 | F9: ='1_Parameters'!$B$4*C9 | G9: ='1_Parameters'!$B$4*D9
A10: 2033 | B10: 1.15 | C10: 0.691 | D10: 0.797 | E10: ='1_Parameters'!$B$4*B10 | F10: ='1_Parameters'!$B$4*C10 | G10: ='1_Parameters'!$B$4*D10
A11: 2034 | B11: 1.15 | C11: 0.691 | D11: 0.771 | E11: ='1_Parameters'!$B$4*B11 | F11: ='1_Parameters'!$B$4*C11 | G11: ='1_Parameters'!$B$4*D11
A12: 2035 | B12: 1.15 | C12: 0.691 | D12: 0.756 | E12: ='1_Parameters'!$B$4*B12 | F12: ='1_Parameters'!$B$4*C12 | G12: ='1_Parameters'!$B$4*D12
A13: 2036 | B13: 1.15 | C13: 0.691 | D13: 0.73 | E13: ='1_Parameters'!$B$4*B13 | F13: ='1_Parameters'!$B$4*C13 | G13: ='1_Parameters'!$B$4*D13
... A27: 2050 | B27: 1.15 | C27: 0.691 | D27: 0.6 | E27: ='1_Parameters'!$B$4*B27 | F27: ='1_Parameters'!$B$4*C27 | G27: ='1_Parameters'!$B$4*D27

Sheet 4_H2_Demand_Cost
A1: Year | B1: Shaheen H2 (kt) | C1: 구조조정25% H2 (kt) | D1: 구조조정40% H2 (kt) | E1: H2 Price ($/kg) | F1: Shaheen H2 Cost ($B) | G1: 구조조정25% Cost ($B) | H1: 구조조정40% Cost ($B)
A2: 2025 | B2: ='1_Parameters'!$B$26*('3_Production_Scenarios'!B2/1.15) | C2: ='1_Parameters'!$B$26*('3_Production_Scenarios'!C2/1.15) | D2: ='1_Parameters'!$B$26*('3_Production_Scenarios'!D2/1.15) | E2: ='2_Price_Trajectories'!B2 | F2: =B2*E2/1000 | G2: =C2*E2/1000 | H2: =D2*E2/1000
A3: 2026 | B3: ='1_Parameters'!$B$26*('3_Production_Scenarios'!B3/1.15) | C3: ='1_Parameters'!$B$26*('3_Production_Scenarios'!C3/1.15) | D3: ='1_Parameters'!$B$26*('3_Production_Scenarios'!D3/1.15) | E3: ='2_Price_Trajectories'!B3 | F3: =B3*E3/1000 | G3: =C3*E3/1000 | H3: =D3*E3/1000
A4: 2027 | B4: ='1_Parameters'!$B$26*('3_Production_Scenarios'!B4/1.15) | C4: ='1_Parameters'!$B$26*('3_Production_Scenarios'!C4/1.15) | D4: ='1_Parameters'!$B$26*('3_Production_Scenarios'!D4/1.15) | E4: ='2_Price_Trajectories'!B4 | F4: =B4*E4/1000 | G4: =C4*E4/1000 | H4: =D4*E4/1000
A5: 2028 | B5: ='1_Parameters'!$B$26*('3_Production_Scenarios'!B5/1.15) | C5: ='1_Parameters'!$B$26*('3_Production_Scenarios'!C5/1.15) | D5: ='1_Parameters'!$B$26*('3_Production_Scenarios'!D5/1.15) | E5: ='2_Price_Trajectories'!B5 | F5: =B5*E5/1000 | G5: =C5*E5/1000 | H5: =D5*E5/1000
A6: 2029 | B6: ='1_Parameters'!$B$26*('3_Production_Scenarios'!B6/1.15) | C6: ='1_Parameters'!$B$26*('3_Production_Scenarios'!C6/1.15) | D6: ='1_Parameters'!$B$26*('3_Production_Scenarios'!D6/1.15) | E6: ='2_Price_Trajectories'!B6 | F6: =B6*E6/1000 | G6: =C6*E6/1000 | H6: =D6*E6/1000
A7: 2030 | B7: ='1_Parameters'!$B$26*('3_Production_Scenarios'!B7/1.15) | C7: ='1_Parameters'!$B$26*('3_Production_Scenarios'!C7/1.15) | D7: ='1_Parameters'!$B$26*('3_Production_Scenarios'!D7/1.15) | E7: ='2_Price_Trajectories'!B7 | F7: =B7*E7/1000 | G7: =C7*E7/1000 | H7: =D7*E7/1000
A8: 2031 | B8: ='1_Parameters'!$B$26*('3_Production_Scenarios'!B8/1.15) | C8: ='1_Parameters'!$B$26*('3_Production_Scenarios'!C8/1.15) | D8: ='1_Parameters'!$B$26*('3_Production_Scenarios'!D8/1.15) | E8: ='2_Price_Trajectories'!B8 | F8: =B8*E8/1000 | G8: =C8*E8/1000 | H8: =D8*E8/1000
A9: 2032 | B9: ='1_Parameters'!$B$26*('3_Production_Scenarios'!B9/1.15) | C9: ='1_Parameters'!$B$26*('3_Production_Scenarios'!C9/1.15) | D9: ='1_Parameters'!$B$26*('3_Production_Scenarios'!D9/1.15) | E9: ='2_Price_Trajectories'!B9 | F9: =B9*E9/1000 | G9: =C9*E9/1000 | H9: =D9*E9/1000
A10: 2033 | B10: ='1_Parameters'!$B$26*('3_Production_Scenarios'!B10/1.15) | C10: ='1_Parameters'!$B$26*('3_Production_Scenarios'!C10/1.15) | D10: ='1_Parameters'!$B$26*('3_Production_Scenarios'!D10/1.15) | E10: ='2_Price_Trajectories'!B10 | F10: =B10*E10/1000 | G10: =C10*E10/1000 | H10: =D10*E10/1000
A11: 2034 | B11: ='1_Parameters'!$B$26*('3_Production_Scenarios'!B11/1.15) | C11: ='1_Parameters'!$B$26*('3_Production_Scenarios'!C11/1.15) | D11: ='1_Parameters'!$B$26*('3_Production_Scenarios'!D11/1.15) | E11: ='2_Price_Trajectories'!B11 | F11: =B11*E11/1000 | G11: =C11*E11/1000 | H11: =D11*E11/1000
A12: 2035 | B12: ='1_Parameters'!$B$26*('3_Production_Scenarios'!B12/1.15) | C12: ='1_Parameters'!$B$26*('3_Production_Scenarios'!C12/1.15) | D12: ='1_Parameters'!$B$26*('3_Production_Scenarios'!D12/1.15) | E12: ='2_Price_Trajectories'!B12 | F12: =B12*E12/1000 | G12: =C12*E12/1000 | H12: =D12*E12/1000
A13: 2036 | B13: ='1_Parameters'!$B$26*('3_Production_Scenarios'!B13/1.15) | C13: ='1_Parameters'!$B$26*('3_Production_Scenarios'!C13/1.15) | D13: ='1_Parameters'!$B$26*('3_Production_Scenarios'!D13/1.15) | E13: ='2_Price_Trajectories'!B13 | F13: =B13*E13/1000 | G13: =C13*E13/1000 | H13: =D13*E13/1000
... A27: 2050 | B27: ='1_Parameters'!$B$26*('3_Production_Scenarios'!B27/1.15) | C27: ='1_Parameters'!$B$26*('3_Production_Scenarios'!C27/1.15) | D27: ='1_Parameters'!$B$26*('3_Production_Scenarios'!D27/1.15) | E27: ='2_Price_Trajectories'!B27 | F27: =B27*E27/1000 | G27: =C27*E27/1000 | H27: =D27*E27/1000
A28: CUMULATIVE (2030-2050) | F28: =SUM(F7:F27) | G28: =SUM(G7:G27) | H28: =SUM(H7:H27)

Sheet 5_Elec_Demand_Cost
A1: Year | B1: Shaheen Elec (TWh) | C1: 구조조정25% Elec (TWh) | D1: 구조조정40% Elec (TWh) | E1: RE Price ($/MWh) | F1: Shaheen Elec Cost ($B) | G1: 구조조정25% Cost ($B) | H1: 구조조정40% Cost ($B)
A2: 2025 | B2: ='1_Parameters'!$B$27*('3_Production_Scenarios'!B2/1.15) | C2: ='1_Parameters'!$B$27*('3_Production_Scenarios'!C2/1.15) | D2: ='1_Parameters'!$B$27*('3_Production_Scenarios'!D2/1.15) | E2: ='2_Price_Trajectories'!C2 | F2: =B2*E2/1000 | G2: =C2*E2/1000 | H2: =D2*E2/1000
A3: 2026 | B3: ='1_Parameters'!$B$27*('3_Production_Scenarios'!B3/1.15) | C3: ='1_Parameters'!$B$27*('3_Production_Scenarios'!C3/1.15) | D3: ='1_Parameters'!$B$27*('3_Production_Scenarios'!D3/1.15) | E3: ='2_Price_Trajectories'!C3 | F3: =B3*E3/1000 | G3: =C3*E3/1000 | H3: =D3*E3/1000
A4: 2027 | B4: ='1_Parameters'!$B$27*('3_Production_Scenarios'!B4/1.15) | C4: ='1_Parameters'!$B$27*('3_Production_Scenarios'!C4/1.15) | D4: ='1_Parameters'!$B$27*('3_Production_Scenarios'!D4/1.15) | E4: ='2_Price_Trajectories'!C4 | F4: =B4*E4/1000 | G4: =C4*E4/1000 | H4: =D4*E4/1000
A5: 2028 | B5: ='1_Parameters'!$B$27*('3_Production_Scenarios'!B5/1.15) | C5: ='1_Parameters'!$B$27*('3_Production_Scenarios'!C5/1.15) | D5: ='1_Parameters'!$B$27*('3_Production_Scenarios'!D5/1.15) | E5: ='2_Price_Trajectories'!C5 | F5: =B5*E5/1000 | G5: =C5*E5/1000 | H5: =D5*E5/1000
A6: 2029 | B6: ='1_Parameters'!$B$27*('3_Production_Scenarios'!B6/1.15) | C6: ='1_Parameters'!$B$27*('3_Production_Scenarios'!C6/1.15) | D6: ='1_Parameters'!$B$27*('3_Production_Scenarios'!D6/1.15) | E6: ='2_Price_Trajectories'!C6 | F6: =B6*E6/1000 | G6: =C6*E6/1000 | H6: =D6*E6/1000
A7: 2030 | B7: ='1_Parameters'!$B$27*('3_Production_Scenarios'!B7/1.15) | C7: ='1_Parameters'!$B$27*('3_Production_Scenarios'!C7/1.15) | D7: ='1_Parameters'!$B$27*('3_Production_Scenarios'!D7/1.15) | E7: ='2_Price_Trajectories'!C7 | F7: =B7*E7/1000 | G7: =C7*E7/1000 | H7: =D7*E7/1000
A8: 2031 | B8: ='1_Parameters'!$B$27*('3_Production_Scenarios'!B8/1.15) | C8: ='1_Parameters'!$B$27*('3_Production_Scenarios'!C8/1.15) | D8: ='1_Parameters'!$B$27*('3_Production_Scenarios'!D8/1.15) | E8: ='2_Price_Trajectories'!C8 | F8: =B8*E8/1000 | G8: =C8*E8/1000 | H8: =D8*E8/1000
A9: 2032 | B9: ='1_Parameters'!$B$27*('3_Production_Scenarios'!B9/1.15) | C9: ='1_Parameters'!$B$27*('3_Production_Scenarios'!C9/1.15) | D9: ='1_Parameters'!$B$27*('3_Production_Scenarios'!D9/1.15) | E9: ='2_Price_Trajectories'!C9 | F9: =B9*E9/1000 | G9: =C9*E9/1000 | H9: =D9*E9/1000
A10: 2033 | B10: ='1_Parameters'!$B$27*('3_Production_Scenarios'!B10/1.15) | C10: ='1_Parameters'!$B$27*('3_Production_Scenarios'!C10/1.15) | D10: ='1_Parameters'!$B$27*('3_Production_Scenarios'!D10/1.15) | E10: ='2_Price_Trajectories'!C10 | F10: =B10*E10/1000 | G10: =C10*E10/1000 | H10: =D10*E10/1000
A11: 2034 | B11: ='1_Parameters'!$B$27*('3_Production_Scenarios'!B11/1.15) | C11: ='1_Parameters'!$B$27*('3_Production_Scenarios'!C11/1.15) | D11: ='1_Parameters'!$B$27*('3_Production_Scenarios'!D11/1.15) | E11: ='2_Price_Trajectories'!C11 | F11: =B11*E11/1000 | G11: =C11*E11/1000 | H11: =D11*E11/1000
A12: 2035 | B12: ='1_Parameters'!$B$27*('3_Production_Scenarios'!B12/1.15) | C12: ='1_Parameters'!$B$27*('3_Production_Scenarios'!C12/1.15) | D12: ='1_Parameters'!$B$27*('3_Production_Scenarios'!D12/1.15) | E12: ='2_Price_Trajectories'!C12 | F12: =B12*E12/1000 | G12: =C12*E12/1000 | H12: =D12*E12/1000
A13: 2036 | B13: ='1_Parameters'!$B$27*('3_Production_Scenarios'!B13/1.15) | C13: ='1_Parameters'!$B$27*('3_Production_Scenarios'!C13/1.15) | D13: ='1_Parameters'!$B$27*('3_Production_Scenarios'!D13/1.15) | E13: ='2_Price_Trajectories'!C13 | F13: =B13*E13/1000 | G13: =C13*E13/1000 | H13: =D13*E13/1000
... A27: 2050 | B27: ='1_Parameters'!$B$27*('3_Production_Scenarios'!B27/1.15) | C27: ='1_Parameters'!$B$27*('3_Production_Scenarios'!C27/1.15) | D27: ='1_Parameters'!$B$27*('3_Production_Scenarios'!D27/1.15) | E27: ='2_Price_Trajectories'!C27 | F27: =B27*E27/1000 | G27: =C27*E27/1000 | H27: =D27*E27/1000
A28: CUMULATIVE (2030-2050) | F28: =SUM(F7:F27) | G28: =SUM(G7:G27) | H28: =SUM(H7:H27)

Sheet 6_CAPEX_Analysis
A1: CAPEX Analysis for NCC Decarbonization
A3: === NCC-H2 CAPEX ===
A4: Year | B4: CAPEX ($/t-C2H4/yr) | C4: Shaheen Capacity (kt) | D4: Shaheen CAPEX ($B) | E4: Notes
A5: 2030 | B5: ='1_Parameters'!B10 | C5: ='3_Production_Scenarios'!E7 | D5: =C5*B5/1000000 | E5: First year available
A6: 2040 | B6: ='1_Parameters'!B11 | C6: ='3_Production_Scenarios'!E17 | D6: =C6*B6/1000000 | E6: Mid-term
A7: 2050 | B7: ='1_Parameters'!B12 | C7: ='3_Production_Scenarios'!E27 | D7: =C7*B7/1000000 | E7: End year
A9: === NCC-ELECTRICITY CAPEX ===
A10: Year | B10: CAPEX ($/t-C2H4/yr) | C10: Shaheen Capacity (kt) | D10: Shaheen CAPEX ($B) | E10: Notes
A11: 2030 | B11: ='1_Parameters'!B19 | C11: ='3_Production_Scenarios'!E7 | D11: =C11*B11/1000000 | E11: First year available
A12: 2040 | B12: ='1_Parameters'!B20 | C12: ='3_Production_Scenarios'!E17 | D12: =C12*B12/1000000 | E12: Mid-term
A13: 2050 | B13: ='1_Parameters'!B21 | C13: ='3_Production_Scenarios'!E27 | D13: =C13*B13/1000000 | E13: End year
A15: === CUMULATIVE COST COMPARISON (2030-2050) ===
A16: Scenario | B16: H2 Fuel Cost ($B) | C16: Elec Cost ($B) | D16: Winner | E16: Savings ($B)
A17: Shaheen | B17: ='4_H2_Demand_Cost'!F28 | C17: ='5_Elec_Demand_Cost'!F28 | D17: =IF(B17<C17,"NCC-H2","NCC-Elec") | E17: =ABS(B17-C17)
A18: 구조조정 25% | B18: ='4_H2_Demand_Cost'!G28 | C18: ='5_Elec_Demand_Cost'!G28 | D18: =IF(B18<C18,"NCC-H2","NCC-Elec") | E18: =ABS(B18-C18)
A19: 구조조정 40% | B19: ='4_H2_Demand_Cost'!H28 | C19: ='5_Elec_Demand_Cost'!H28 | D19: =IF(B19<C19,"NCC-H2","NCC-Elec") | E19: =ABS(B19-C19)

Sheet 7_Regional_H2
A1: Year | B1: Daesan H2 (kt) | C1: Yeosu H2 (kt) | D1: Ulsan H2 (kt) | E1: Onsan H2 (kt) | F1: Total H2 (kt)
A2: Share (%) | B2: 39.9% | C2: 45.5% | D2: 5.5% | E2: 9.0%
A3: 2025 | B3: ='4_H2_Demand_Cost'!B2*0.3992 | C3: ='4_H2_Demand_Cost'!B2*0.4552 | D3: ='4_H2_Demand_Cost'!B2*0.0552 | E3: ='4_H2_Demand_Cost'!B2*0.0905 | F3: =SUM(B3:E3)
A4: 2026 | B4: ='4_H2_Demand_Cost'!B3*0.3992 | C4: ='4_H2_Demand_Cost'!B3*0.4552 | D4: ='4_H2_Demand_Cost'!B3*0.0552 | E4: ='4_H2_Demand_Cost'!B3*0.0905 | F4: =SUM(B4:E4)
A5: 2027 | B5: ='4_H2_Demand_Cost'!B4*0.3992 | C5: ='4_H2_Demand_Cost'!B4*0.4552 | D5: ='4_H2_Demand_Cost'!B4*0.0552 | E5: ='4_H2_Demand_Cost'!B4*0.0905 | F5: =SUM(B5:E5)
A6: 2028 | B6: ='4_H2_Demand_Cost'!B5*0.3992 | C6: ='4_H2_Demand_Cost'!B5*0.4552 | D6: ='4_H2_Demand_Cost'!B5*0.0552 | E6: ='4_H2_Demand_Cost'!B5*0.0905 | F6: =SUM(B6:E6)
A7: 2029 | B7: ='4_H2_Demand_Cost'!B6*0.3992 | C7: ='4_H2_Demand_Cost'!B6*0.4552 | D7: ='4_H2_Demand_Cost'!B6*0.0552 | E7: ='4_H2_Demand_Cost'!B6*0.0905 | F7: =SUM(B7:E7)
A8: 2030 | B8: ='4_H2_Demand_Cost'!B7*0.3992 | C8: ='4_H2_Demand_Cost'!B7*0.4552 | D8: ='4_H2_Demand_Cost'!B7*0.0552 | E8: ='4_H2_Demand_Cost'!B7*0.0905 | F8: =SUM(B8:E8)
A9: 2031 | B9: ='4_H2_Demand_Cost'!B8*0.3992 | C9: ='4_H2_Demand_Cost'!B8*0.4552 | D9: ='4_H2_Demand_Cost'!B8*0.0552 | E9: ='4_H2_Demand_Cost'!B8*0.0905 | F9: =SUM(B9:E9)
A10: 2032 | B10: ='4_H2_Demand_Cost'!B9*0.3992 | C10: ='4_H2_Demand_Cost'!B9*0.4552 | D10: ='4_H2_Demand_Cost'!B9*0.0552 | E10: ='4_H2_Demand_Cost'!B9*0.0905 | F10: =SUM(B10:E10)
A11: 2033 | B11: ='4_H2_Demand_Cost'!B10*0.3992 | C11: ='4_H2_Demand_Cost'!B10*0.4552 | D11: ='4_H2_Demand_Cost'!B10*0.0552 | E11: ='4_H2_Demand_Cost'!B10*0.0905 | F11: =SUM(B11:E11)
A12: 2034 | B12: ='4_H2_Demand_Cost'!B11*0.3992 | C12: ='4_H2_Demand_Cost'!B11*0.4552 | D12: ='4_H2_Demand_Cost'!B11*0.0552 | E12: ='4_H2_Demand_Cost'!B11*0.0905 | F12: =SUM(B12:E12)
A13: 2035 | B13: ='4_H2_Demand_Cost'!B12*0.3992 | C13: ='4_H2_Demand_Cost'!B12*0.4552 | D13: ='4_H2_Demand_Cost'!B12*0.0552 | E13: ='4_H2_Demand_Cost'!B12*0.0905 | F13: =SUM(B13:E13)
A14: 2036 | B14: ='4_H2_Demand_Cost'!B13*0.3992 | C14: ='4_H2_Demand_Cost'!B13*0.4552 | D14: ='4_H2_Demand_Cost'!B13*0.0552 | E14: ='4_H2_Demand_Cost'!B13*0.0905 | F14: =SUM(B14:E14)
... A28: 2050 | B28: ='4_H2_Demand_Cost'!B27*0.3992 | C28: ='4_H2_Demand_Cost'!B27*0.4552 | D28: ='4_H2_Demand_Cost'!B27*0.0552 | E28: ='4_H2_Demand_Cost'!B27*0.0905 | F28: =SUM(B28:E28)

Sheet 8_Regional_Elec
A1: Year | B1: Daesan Elec (TWh) | C1: Yeosu Elec (TWh) | D1: Ulsan Elec (TWh) | E1: Onsan Elec (TWh) | F1: Total Elec (TWh)
A2: Share (%) | B2: 35.8% | C2: 37.8% | D2: 9.3% | E2: 17.2%
A3: 2025 | B3: ='5_Elec_Demand_Cost'!B2*0.3580 | C3: ='5_Elec_Demand_Cost'!B2*0.3780 | D3: ='5_Elec_Demand_Cost'!B2*0.0930 | E3: ='5_Elec_Demand_Cost'!B2*0.1720 | F3: =SUM(B3:E3)
A4: 2026 | B4: ='5_Elec_Demand_Cost'!B3*0.3580 | C4: ='5_Elec_Demand_Cost'!B3*0.3780 | D4: ='5_Elec_Demand_Cost'!B3*0.0930 | E4: ='5_Elec_Demand_Cost'!B3*0.1720 | F4: =SUM(B4:E4)
A5: 2027 | B5: ='5_Elec_Demand_Cost'!B4*0.3580 | C5: ='5_Elec_Demand_Cost'!B4*0.3780 | D5: ='5_Elec_Demand_Cost'!B4*0.0930 | E5: ='5_Elec_Demand_Cost'!B4*0.1720 | F5: =SUM(B5:E5)
A6: 2028 | B6: ='5_Elec_Demand_Cost'!B5*0.3580 | C6: ='5_Elec_Demand_Cost'!B5*0.3780 | D6: ='5_Elec_Demand_Cost'!B5*0.0930 | E6: ='5_Elec_Demand_Cost'!B5*0.1720 | F6: =SUM(B6:E6)
A7: 2029 | B7: ='5_Elec_Demand_Cost'!B6*0.3580 | C7: ='5_Elec_Demand_Cost'!B6*0.3780 | D7: ='5_Elec_Demand_Cost'!B6*0.0930 | E7: ='5_Elec_Demand_Cost'!B6*0.1720 | F7: =SUM(B7:E7)
A8: 2030 | B8: ='5_Elec_Demand_Cost'!B7*0.3580 | C8: ='5_Elec_Demand_Cost'!B7*0.3780 | D8: ='5_Elec_Demand_Cost'!B7*0.0930 | E8: ='5_Elec_Demand_Cost'!B7*0.1720 | F8: =SUM(B8:E8)
A9: 2031 | B9: ='5_Elec_Demand_Cost'!B8*0.3580 | C9: ='5_Elec_Demand_Cost'!B8*0.3780 | D9: ='5_Elec_Demand_Cost'!B8*0.0930 | E9: ='5_Elec_Demand_Cost'!B8*0.1720 | F9: =SUM(B9:E9)
A10: 2032 | B10: ='5_Elec_Demand_Cost'!B9*0.3580 | C10: ='5_Elec_Demand_Cost'!B9*0.3780 | D10: ='5_Elec_Demand_Cost'!B9*0.0930 | E10: ='5_Elec_Demand_Cost'!B9*0.1720 | F10: =SUM(B10:E10)
A11: 2033 | B11: ='5_Elec_Demand_Cost'!B10*0.3580 | C11: ='5_Elec_Demand_Cost'!B10*0.3780 | D11: ='5_Elec_Demand_Cost'!B10*0.0930 | E11: ='5_Elec_Demand_Cost'!B10*0.1720 | F11: =SUM(B11:E11)
A12: 2034 | B12: ='5_Elec_Demand_Cost'!B11*0.3580 | C12: ='5_Elec_Demand_Cost'!B11*0.3780 | D12: ='5_Elec_Demand_Cost'!B11*0.0930 | E12: ='5_Elec_Demand_Cost'!B11*0.1720 | F12: =SUM(B12:E12)
A13: 2035 | B13: ='5_Elec_Demand_Cost'!B12*0.3580 | C13: ='5_Elec_Demand_Cost'!B12*0.3780 | D13: ='5_Elec_Demand_Cost'!B12*0.0930 | E13: ='5_Elec_Demand_Cost'!B12*0.1720 | F13: =SUM(B13:E13)
A14: 2036 | B14: ='5_Elec_Demand_Cost'!B13*0.3580 | C14: ='5_Elec_Demand_Cost'!B13*0.3780 | D14: ='5_Elec_Demand_Cost'!B13*0.0930 | E14: ='5_Elec_Demand_Cost'!B13*0.1720 | F14: =SUM(B14:E14)
... A28: 2050 | B28: ='5_Elec_Demand_Cost'!B27*0.3580 | C28: ='5_Elec_Demand_Cost'!B27*0.3780 | D28: ='5_Elec_Demand_Cost'!B27*0.0930 | E28: ='5_Elec_Demand_Cost'!B27*0.1720 | F28: =SUM(B28:E28)

Sheet 9_NCC_Facilities
A1: Product | B1: Company | C1: Location | D1: Complex | E1: Capacity (kt) | F1: Year Built | G1: Age (2025)
A2: Ethylene | B2: Lotte Chemical | C2: Daesan | D2: Daesan Complex | E2: 1100 | F2: 1991 | G2: 34
A3: Ethylene | B3: HD Hyundai Chemical | C3: Daesan | D3: Daesan Complex | E3: 850 | F3: 2021 | G3: 4
A4: Ethylene | B4: LG Chem | C4: Daesan | D4: Daesan Complex | E4: 1300 | F4: 1991 | G4: 34
A5: Ethylene | B5: Hanwha TotalEnergies | C5: Daesan | D5: Daesan Complex | E5: 1525 | F5: 1991 | G5: 34
A6: Ethylene | B6: Lotte Chemical | C6: Yeosu | D6: Yeosu Complex | E6: 1230 | F6: 1992 | G6: 33
A7: Ethylene | B7: LG Chem | C7: Yeosu | D7: Yeosu Complex | E7: 1030 | F7: 2021 | G7: 4
A8: Ethylene | B8: Yeochon NCC | C8: Yeosu | D8: Yeosu Complex | E8: 2285 | F8: 1979 | G8: 46
A9: Ethylene | B9: GS Caltex | C9: Yeosu | D9: Yeosu Complex | E9: 900 | F9: 2021 | G9: 4
A10: Ethylene | B10: Daehan Oil Chemical | C10: Onsan | D10: Ulsan Complex | E10: 900 | F10: 1991 | G10: 34
A11: Ethylene | B11: S-Oil | C11: Onsan | D11: Ulsan Complex | E11: 182 | F11: 2018 | G11: 7
A12: Ethylene | B12: SK Geocentric | C12: Ulsan | D12: Ulsan Complex | E12: 660 | F12: 1989 | G12: 36
A13: Propylene | B13: Lotte Chemical | C13: Daesan | D13: Daesan Complex | E13: 550 | F13: 1997 | G13: 28
... A40: Butadiene | B40: SK Geocentric | C40: Ulsan | D40: Ulsan Complex | E40: 130 | F40: 1989 | G40: 36
A42: TOTAL | E42: 25317

Sheet 10_Summary
A1: NCC Energy Transition - Summary Dashboard
A3: === 2050 ENERGY DEMAND (Shaheen Scenario) ===
A4: NCC-H2 Pathway
A5: H2 Demand | B5: ='4_H2_Demand_Cost'!B27 | C5: kt/year
A6: H2 Fuel Cost | B6: ='4_H2_Demand_Cost'!F27 | C6: $B/year
A7: Cumulative Cost (2030-2050) | B7: ='4_H2_Demand_Cost'!F28 | C7: $B
A9: NCC-Electricity Pathway
A10: Electricity Demand | B10: ='5_Elec_Demand_Cost'!B27 | C10: TWh/year
A11: Electricity Cost | B11: ='5_Elec_Demand_Cost'!F27 | C11: $B/year
A12: Cumulative Cost (2030-2050) | B12: ='5_Elec_Demand_Cost'!F28 | C12: $B
A14: === REGIONAL DISTRIBUTION (2050, Shaheen) ===
A15: Location | B15: H2 (kt) | C15: Electricity (TWh)
A16: Daesan | B16: ='7_Regional_H2'!B28 | C16: ='8_Regional_Elec'!B28
A17: Yeosu | B17: ='7_Regional_H2'!C28 | C17: ='8_Regional_Elec'!C28
A18: Ulsan | B18: ='7_Regional_H2'!D28 | C18: ='8_Regional_Elec'!D28
A19: Onsan | B19: ='7_Regional_H2'!E28 | C19: ='8_Regional_Elec'!E28
A20: TOTAL | B20: ='7_Regional_H2'!F28 | C20: ='8_Regional_Elec'!F28
