Workbook

Sheet 1_Parameters
A1: BTX & Polymer Energy Transition Model
A3: === BASELINE CAPACITY (2025) ===
A4: BTX Facilities | B4: 47 | C4: facilities
A5: BTX Total Capacity | B5: 25754 | C5: kt/year
A6: Utility Facilities | B6: 160 | C6: facilities | D6: Polymer, etc.
A7: Utility Total Capacity | B7: 48645 | C7: kt/year
A9: === HEAT PUMP TECHNOLOGY ===
A10: COP (Coefficient of Performance) | B10: 4 | D10: IEA standard for <165°C
A11: CAPEX 2025 | B11: 800 | C11: $/kW
A12: CAPEX 2030 | B12: 640 | C12: $/kW
A13: CAPEX 2040 | B13: 480 | C13: $/kW
A14: CAPEX 2050 | B14: 400 | C14: $/kW
A15: OPEX (% of CAPEX) | B15: 3 | C15: %
A16: Lifetime | B16: 20 | C16: years
A18: === PROCESS HEAT REQUIREMENTS ===
A19: BTX Heat Demand | B19: 2.5 | C19: GJ/ton product | D19: Literature estimate
A20: Polymer Heat Demand | B20: 3 | C20: GJ/ton product | D20: Literature estimate
A22: === GRID EMISSION FACTOR ===
A23: Grid EF 2025 | B23: 0.436 | C23: tCO2/MWh | D23: Korea 10th Power Plan
A24: Grid EF 2030 | B24: 0.35 | C24: tCO2/MWh
A25: Grid EF 2040 | B25: 0.2 | C25: tCO2/MWh
A26: Grid EF 2050 | B26: 0.07 | C26: tCO2/MWh

Sheet 2_BTX_Facilities
A1: Product | B1: Company | C1: Location | D1: Complex | E1: Capacity (kt) | F1: Year Built | G1: Age (2025)
A2: Benzene | B2: OCI | C2: Gwangyang | D2: Other Regions | E2: 200 | F2: 1995 | G2: 30
A3: Benzene | B3: Lotte Chemical | C3: Daesan | D3: Daesan Complex | E3: 240 | F3: 2011 | G3: 14
A4: Benzene | B4: HD Hyundai Chemical | C4: Daesan | D4: Daesan Complex | E4: 410 | F4: 2016 | G4: 9
A5: Benzene | B5: HDHyundai Oilbank | C5: Daesan | D5: Daesan Complex | E5: 338 | F5: 1997 | G5: 28
A6: Benzene | B6: LG Chem | C6: Daesan | D6: Daesan Complex | E6: 270 | F6: 1991 | G6: 34
A7: Benzene | B7: Hanwha TotalEnergies | C7: Daesan | D7: Daesan Complex | E7: 1267 | F7: 1991 | G7: 34
A8: Benzene | B8: Lotte Chemical | C8: Yeosu | D8: Yeosu Complex | E8: 235 | F8: 1992 | G8: 33
A9: Benzene | B9: LG Chem | C9: Yeosu | D9: Yeosu Complex | E9: 630 | F9: 1992 | G9: 33
A10: Benzene | B10: Yeochon NCC | C10: Yeosu | D10: Yeosu Complex | E10: 457 | F10: 1979 | G10: 46
A11: Benzene | B11: GS Caltex | C11: Yeosu | D11: Yeosu Complex | E11: 930 | F11: 1990 | G11: 35
A12: Benzene | B12: Daehan Oil Chemical | C12: Onsan | D12: Ulsan Complex | E12: 210 | F12: 2008 | G12: 17
A13: Benzene | B13: S-Oil | C13: Onsan | D13: Ulsan Complex | E13: 672 | F13: 1991 | G13: 34
... A48: P-X | B48: SK Incheon Petrochemical | C48: Incheon | D48: Other Regions | E48: 1500 | F48: 2014 | G48: 11
A50: TOTAL | E50: 25754
A52: By Location:
A53: Daesan | E53: 7615 | F53: 29.6%
A54: Gwangyang | E54: 240 | F54: 0.9%
A55: Incheon | E55: 2100 | F55: 8.2%
A56: Onsan | E56: 3657 | F56: 14.2%
A57: Ulsan | E57: 7063 | F57: 27.4%
A58: Yeosu | E58: 5079 | F58: 19.7%

Sheet 3_Utility_Facilities
A1: Product | B1: Company | C1: Location | D1: Complex | E1: Capacity (kt) | F1: Year Built | G1: Age (2025)
A2: SM | B2: Lotte Chemical | C2: Daesan | D2: Daesan Complex | E2: 350 | F2: 2005 | G2: 20
A3: SM | B3: LG Chem | C3: Daesan | D3: Daesan Complex | E3: 577 | F3: 2006 | G3: 19
A4: SM | B4: Hanwha TotalEnergies | C4: Daesan | D4: Daesan Complex | E4: 1071 | F4: 1991 | G4: 34
A5: SM | B5: Yeochon NCC | C5: Yeosu | D5: Yeosu Complex | E5: 351 | F5: 1986 | G5: 39
A6: SM | B6: SKpicglobal | C6: Ulsan | D6: Ulsan Complex | E6: 400 | F6: 1990 | G6: 35
A7: EDC | B7: LG Chem | C7: Yeosu | D7: Yeosu Complex | E7: 810 | F7: 1996 | G7: 29
A8: EDC | B8: Hanwha Solutions | C8: Yeosu | D8: Yeosu Complex | E8: 1586 | F8: 1980 | G8: 45
A9: EDC | B9: Hanwha Solutions | C9: Ulsan | D9: Ulsan Complex | E9: 385 | F9: 1991 | G9: 34
A10: VCM | B10: LG Chem | C10: Daesan | D10: Daesan Complex | E10: 230 | F10: 1997 | G10: 28
A11: VCM | B11: LG Chem | C11: Yeosu | D11: Yeosu Complex | E11: 720 | F11: 1990 | G11: 35
A12: VCM | B12: Hanwha Solutions | C12: Yeosu | D12: Yeosu Complex | E12: 583 | F12: 1979 | G12: 46
A13: VCM | B13: Hanwha Solutions | C13: Ulsan | D13: Ulsan Complex | E13: 264 | F13: 1972 | G13: 53
... A161: Petroleum Resin | B161: Kolon Industries | C161: Ulsan | D161: Ulsan Complex | E161: 0 | F161: 1978 | G161: 47
A163: TOTAL | E163: 48645
A165: By Location:
A166: Busan/Iksan/Siheung | E166: 530 | F166: 1.1%
A167: Daesan | E167: 11166 | F167: 23.0%
A168: Gimcheon | E168: 0 | F168: 0.0%
A169: Gumi | E169: 52 | F169: 0.1%
A170: Gunsan | E170: 330 | F170: 0.7%
A171: Gwangyang | E171: 150 | F171: 0.3%
A172: Jeonju | E172: 208 | F172: 0.4%
A173: Jinhae | E173: 100 | F173: 0.2%
A174: Naju | E174: 180 | F174: 0.4%
A175: Onsan | E175: 1192 | F175: 2.5%
A176: Pohang | E176: 100 | F176: 0.2%
A177: Ulsan | E177: 13266 | F177: 27.3%
A178: Yeosu | E178: 21371 | F178: 43.9%

Sheet 4_Heat_Pump_Analysis
A1: Heat Pump Deployment Analysis
A3: === HEAT DEMAND CALCULATION ===
A4: Process | B4: Capacity (kt) | C4: Heat Demand (GJ/ton) | D4: Total Heat (PJ/yr) | E4: Elec with HP (TWh/yr)
A5: BTX | B5: ='1_Parameters'!B5 | C5: ='1_Parameters'!B19 | D5: =B5*C5/1000 | E5: =D5*0.278/'1_Parameters'!B10
A6: Utility (Polymer) | B6: ='1_Parameters'!B7 | C6: ='1_Parameters'!B20 | D6: =B6*C6/1000 | E6: =D6*0.278/'1_Parameters'!B10
A7: TOTAL | D7: =D5+D6 | E7: =E5+E6
A9: === ELECTRICITY DEMAND WITH HEAT PUMP ===
A10: (Electricity = Heat / COP / 3.6 GJ/MWh)
A12: === COST ANALYSIS (2030-2050) ===
A13: Year | B13: Elec Demand (TWh) | C13: Grid Price ($/MWh) | D13: Annual Cost ($B)
A14: 2030 | B14: =$E$7 | C14: ='NCC_Energy_Cost_Model.xlsx'!C2 | D14: =B14*C14/1000
A15: 2031 | B15: =$E$7 | C15: ='NCC_Energy_Cost_Model.xlsx'!C3 | D15: =B15*C15/1000
A16: 2032 | B16: =$E$7 | C16: ='NCC_Energy_Cost_Model.xlsx'!C4 | D16: =B16*C16/1000
A17: 2033 | B17: =$E$7 | C17: ='NCC_Energy_Cost_Model.xlsx'!C5 | D17: =B17*C17/1000
A18: 2034 | B18: =$E$7 | C18: ='NCC_Energy_Cost_Model.xlsx'!C6 | D18: =B18*C18/1000
A19: 2035 | B19: =$E$7 | C19: ='NCC_Energy_Cost_Model.xlsx'!C7 | D19: =B19*C19/1000
A20: 2036 | B20: =$E$7 | C20: ='NCC_Energy_Cost_Model.xlsx'!C8 | D20: =B20*C20/1000
A21: 2037 | B21: =$E$7 | C21: ='NCC_Energy_Cost_Model.xlsx'!C9 | D21: =B21*C21/1000
A22: 2038 | B22: =$E$7 | C22: ='NCC_Energy_Cost_Model.xlsx'!C10 | D22: =B22*C22/1000
A23: 2039 | B23: =$E$7 | C23: ='NCC_Energy_Cost_Model.xlsx'!C11 | D23: =B23*C23/1000
A24: 2040 | B24: =$E$7 | C24: ='NCC_Energy_Cost_Model.xlsx'!C12 | D24: =B24*C24/1000
A25: 2041 | B25: =$E$7 | C25: ='NCC_Energy_Cost_Model.xlsx'!C13 | D25: =B25*C25/1000
... A34: 2050 | B34: =$E$7 | C34: ='NCC_Energy_Cost_Model.xlsx'!C22 | D34: =B34*C34/1000

Sheet 5_Regional_Distribution
A1: Regional Distribution of BTX & Utility Facilities
A3: === BTX BY LOCATION ===
A4: Location | B4: Facilities | C4: Capacity (kt) | D4: Share (%)
A5: Daesan | B5: 12 | C5: 7615 | D5: 29.6%
A6: Gwangyang | B6: 2 | C6: 240 | D6: 0.9%
A7: Incheon | B7: 2 | C7: 2100 | D7: 8.2%
A8: Onsan | B8: 7 | C8: 3657 | D8: 14.2%
A9: Ulsan | B9: 11 | C9: 7063 | D9: 27.4%
A10: Yeosu | B10: 13 | C10: 5079 | D10: 19.7%
A13: === UTILITY BY LOCATION ===
A14: Location | B14: Facilities | C14: Capacity (kt) | D14: Share (%)
A15: Busan/Iksan/Siheung | B15: 1 | C15: 530 | D15: 1.1%
A16: Daesan | B16: 32 | C16: 11166 | D16: 23.0%
A17: Gimcheon | B17: 1 | C17: 0 | D17: 0.0%
A18: Gumi | B18: 1 | C18: 52 | D18: 0.1%
A19: Gunsan | B19: 3 | C19: 330 | D19: 0.7%
A20: Gwangyang | B20: 1 | C20: 150 | D20: 0.3%
A21: Jeonju | B21: 3 | C21: 208 | D21: 0.4%
A22: Jinhae | B22: 1 | C22: 100 | D22: 0.2%
A23: Naju | B23: 2 | C23: 180 | D23: 0.4%
A24: Onsan | B24: 3 | C24: 1192 | D24: 2.5%
A25: Pohang | B25: 2 | C25: 100 | D25: 0.2%
A26: Ulsan | B26: 49 | C26: 13266 | D26: 27.3%
A27: Yeosu | B27: 61 | C27: 21371 | D27: 43.9%

Sheet 6_Summary
A1: BTX & Polymer Energy Transition Summary
A3: === FACILITY OVERVIEW ===
A4: Process | B4: Facilities | C4: Total Capacity (kt)
A5: BTX | B5: 47 | C5: 25754
A6: Utility (Polymer) | B6: 160 | C6: 48645
A7: TOTAL | B7: 207 | C7: 74399
A9: === DECARBONIZATION TECHNOLOGY ===
A10: Technology | B10: Heat Pump
A11: Applicable to | B11: BTX & Polymer (<165°C)
A12: COP | B12: ='1_Parameters'!B10
A14: === ENERGY DEMAND (with Heat Pump) ===
A15: Total Heat Demand | B15: ='4_Heat_Pump_Analysis'!D7 | C15: PJ/year
A16: Electricity Demand | B16: ='4_Heat_Pump_Analysis'!E7 | C16: TWh/year
A18: === COMPARISON WITH NCC ===
B19: BTX/Polymer | C19: NCC | D19: Ratio
A20: Process Type | B20: Low-temp heat | C20: High-temp cracking
A21: Technology | B21: Heat Pump | C21: NCC-H2 or NCC-Elec
A22: Electricity Demand | B22: ='4_Heat_Pump_Analysis'!E7 | C22: 164.5 TWh (Shaheen)
