Workbook

Sheet 1_Input_Parameters
A1: Korean Petrochemical MACC Model - Input Parameters
A2: 노란색 셀을 수정하면 모든 계산이 자동으로 업데이트됩니다
A4: KEY PARAMETERS (수정 가능)
A5: Parameter | B5: Value | C5: Unit | D5: Source
A6: H2 Intensity | B6: 0.56 | C6: ton H2/ton C2H4 | D6: Chen 2024, Gupta 2023
A7: Electricity per tCO2 | B7: 5.3 | C7: TWh/MtCO2 | D7: Model: 5300 MWh/tCO2
A8: Shaheen Multiplier | B8: 1.15 | C8: × | D8: +15% by 2026
A9: Restructure 25% Multiplier | B9: 0.691 | C9: × | D9: -30.9%
A10: Restructure 40% Multiplier | B10: 0.6 | C10: × | D10: -40% by 2040
A11: H2 Production Efficiency | B11: 50 | C11: kWh/kg H2 | D11: Electrolyzer
A14: FIXED DATA (from 248 facility database)
A15: Parameter | B15: Value | C15: Unit
A16: Total Ethylene Capacity (2025) | B16: 11962 | C16: kt/year
A17: Total NCC Capacity (2025) | B17: 25667 | C17: kt/year
A20: ETHYLENE BY LOCATION (for H2 calculation)
A21: Location | B21: Ethylene (kt)
A22: Yeosu | B22: 5445
A23: Daesan | B23: 4775
A24: Ulsan | B24: 660
A25: Onsan | B25: 1082
A26: Total | B26: =SUM(B22:B25)
A29: BAU EMISSIONS BY SCENARIO (MtCO2)
A30: Scenario | B30: BAU (MtCO2) | C30: Note
A31: Shaheen | B31: 68 | C31: From Streamlit
A32: 구조조정 25% | B32: 40.9 | C32: From Streamlit
A33: 구조조정 40% | B33: 35.5 | C33: From Streamlit

Sheet 2_6Scenario_Summary
A1: 6-Scenario Summary (2050) - Matching Streamlit
A2: 모든 값은 Sheet1의 파라미터를 참조합니다
A4: # | B4: Scenario | C4: BAU (MtCO₂) | D4: NCC-H₂ (Mt) | E4: NCC-Elec (Mt) | F4: H₂ Demand (kt/yr) | G4: Electricity (TWh)
A5: 0 | B5: Shaheen (성장) + NCC-H2 | C5: ='1_Input_Parameters'!B31 | D5: ='1_Input_Parameters'!B31 | E5: 0 | F5: ='1_Input_Parameters'!B16*'1_Input_Parameters'!B8*'1_Input_Parameters'!B6 | G5: 0
A6: 1 | B6: Shaheen (성장) + NCC-Electricity | C6: ='1_Input_Parameters'!B31 | D6: 0 | E6: ='1_Input_Parameters'!B31 | F6: 0 | G6: =E6*'1_Input_Parameters'!B7
A7: 2 | B7: 구조조정 25% + NCC-H2 | C7: ='1_Input_Parameters'!B32 | D7: ='1_Input_Parameters'!B32 | E7: 0 | F7: ='1_Input_Parameters'!B16*'1_Input_Parameters'!B9*'1_Input_Parameters'!B6 | G7: 0
A8: 3 | B8: 구조조정 25% + NCC-Electricity | C8: ='1_Input_Parameters'!B32 | D8: 0 | E8: ='1_Input_Parameters'!B32 | F8: 0 | G8: =E8*'1_Input_Parameters'!B7
A9: 4 | B9: 구조조정 40% + NCC-H2 | C9: ='1_Input_Parameters'!B33 | D9: ='1_Input_Parameters'!B33 | E9: 0 | F9: ='1_Input_Parameters'!B16*'1_Input_Parameters'!B10*'1_Input_Parameters'!B6 | G9: 0
A10: 5 | B10: 구조조정 40% + NCC-Electricity | C10: ='1_Input_Parameters'!B33 | D10: 0 | E10: ='1_Input_Parameters'!B33 | F10: 0 | G10: =E10*'1_Input_Parameters'!B7
A12: VERIFICATION (Streamlit 값과 비교)
A13: Metric | B13: Streamlit | C13: Excel | D13: Unit
A14: Shaheen H2 | B14: 7703.5 | C14: =F5 | D14: kt/yr
A15: Shaheen Elec | B15: 164.5 | C15: =G6 | D15: TWh
A16: 25% H2 | B16: 4628.8 | C16: =F7 | D16: kt/yr
A17: 25% Elec | B17: 98.9 | C17: =G8 | D17: TWh
A18: 40% H2 | B18: 4019.2 | C18: =F9 | D18: kt/yr
A19: 40% Elec | B19: 85.9 | C19: =G10 | D19: TWh

Sheet 3_Regional_H2
A1: Regional H2 Demand by Scenario
A2: H2 = Ethylene × Multiplier × H2_Intensity
A4: ETHYLENE CAPACITY BY LOCATION
A5: Location | B5: Ethylene (kt) | C5: Share (%)
A6: Yeosu | B6: 5445 | C6: =B6/B10*100
A7: Daesan | B7: 4775 | C7: =B7/B10*100
A8: Ulsan | B8: 660 | C8: =B8/B10*100
A9: Onsan | B9: 1082 | C9: =B9/B10*100
A10: Total | B10: =SUM(B6:B9) | C10: 100%
A13: H2 DEMAND BY SCENARIO (kt/year)
A14: Location | B14: Shaheen | C14: 구조조정 25% | D14: 구조조정 40%
A15: Yeosu | B15: =B6*'1_Input_Parameters'!B8*'1_Input_Parameters'!B6 | C15: =B6*'1_Input_Parameters'!B9*'1_Input_Parameters'!B6 | D15: =B6*'1_Input_Parameters'!B10*'1_Input_Parameters'!B6
A16: Daesan | B16: =B7*'1_Input_Parameters'!B8*'1_Input_Parameters'!B6 | C16: =B7*'1_Input_Parameters'!B9*'1_Input_Parameters'!B6 | D16: =B7*'1_Input_Parameters'!B10*'1_Input_Parameters'!B6
A17: Ulsan | B17: =B8*'1_Input_Parameters'!B8*'1_Input_Parameters'!B6 | C17: =B8*'1_Input_Parameters'!B9*'1_Input_Parameters'!B6 | D17: =B8*'1_Input_Parameters'!B10*'1_Input_Parameters'!B6
A18: Onsan | B18: =B9*'1_Input_Parameters'!B8*'1_Input_Parameters'!B6 | C18: =B9*'1_Input_Parameters'!B9*'1_Input_Parameters'!B6 | D18: =B9*'1_Input_Parameters'!B10*'1_Input_Parameters'!B6
A19: Total | B19: =SUM(B15:B18) | C19: =SUM(C15:C18) | D19: =SUM(D15:D18)
A22: ELECTRICITY FOR H2 PRODUCTION (TWh/year)
A23: Elec = H2 × H2_Production_Efficiency / 1000
A24: Location | B24: Shaheen | C24: 구조조정 25% | D24: 구조조정 40%
A25: Yeosu | B25: =B15*'1_Input_Parameters'!B11/1000 | C25: =C15*'1_Input_Parameters'!B11/1000 | D25: =D15*'1_Input_Parameters'!B11/1000
A26: Daesan | B26: =B16*'1_Input_Parameters'!B11/1000 | C26: =C16*'1_Input_Parameters'!B11/1000 | D26: =D16*'1_Input_Parameters'!B11/1000
A27: Ulsan | B27: =B17*'1_Input_Parameters'!B11/1000 | C27: =C17*'1_Input_Parameters'!B11/1000 | D27: =D17*'1_Input_Parameters'!B11/1000
A28: Onsan | B28: =B18*'1_Input_Parameters'!B11/1000 | C28: =C18*'1_Input_Parameters'!B11/1000 | D28: =D18*'1_Input_Parameters'!B11/1000
A29: Total | B29: =SUM(B25:B28) | C29: =SUM(C25:C28) | D29: =SUM(D25:D28)

Sheet 4_Regional_Electricity
A1: Regional Electricity Demand (NCC-Electricity Pathway)
A2: Electricity = BAU_MtCO2 × Location_Share × Elec_per_tCO2
A4: NCC CAPACITY BY LOCATION (for share calculation)
A5: Location | B5: NCC Capacity (kt) | C5: Share (%)
A6: Yeosu | B6: 10766 | C6: =B6/B10*100
A7: Daesan | B7: 8643 | C7: =B7/B10*100
A8: Ulsan | B8: 3776 | C8: =B8/B10*100
A9: Onsan | B9: 2482 | C9: =B9/B10*100
A10: Total | B10: =SUM(B6:B9) | C10: 100%
A13: ELECTRICITY DEMAND BY SCENARIO (TWh/year)
A14: Formula: BAU(MtCO2) × Location_Share(%) × Elec_per_tCO2(TWh/MtCO2) / 100
A15: Location | B15: Shaheen | C15: 구조조정 25% | D15: 구조조정 40%
A16: Yeosu | B16: ='1_Input_Parameters'!B31*C6*'1_Input_Parameters'!B7/100 | C16: ='1_Input_Parameters'!B32*C6*'1_Input_Parameters'!B7/100 | D16: ='1_Input_Parameters'!B33*C6*'1_Input_Parameters'!B7/100
A17: Daesan | B17: ='1_Input_Parameters'!B31*C7*'1_Input_Parameters'!B7/100 | C17: ='1_Input_Parameters'!B32*C7*'1_Input_Parameters'!B7/100 | D17: ='1_Input_Parameters'!B33*C7*'1_Input_Parameters'!B7/100
A18: Ulsan | B18: ='1_Input_Parameters'!B31*C8*'1_Input_Parameters'!B7/100 | C18: ='1_Input_Parameters'!B32*C8*'1_Input_Parameters'!B7/100 | D18: ='1_Input_Parameters'!B33*C8*'1_Input_Parameters'!B7/100
A19: Onsan | B19: ='1_Input_Parameters'!B31*C9*'1_Input_Parameters'!B7/100 | C19: ='1_Input_Parameters'!B32*C9*'1_Input_Parameters'!B7/100 | D19: ='1_Input_Parameters'!B33*C9*'1_Input_Parameters'!B7/100
A20: Total | B20: =SUM(B16:B19) | C20: =SUM(C16:C19) | D20: =SUM(D16:D19)
A23: VERIFICATION
A24: Streamlit Shaheen Elec: 164.5 TWh
A25: Excel Total (B20): | B25: =B20

Sheet 5_NCC_Facilities
A1: Naphtha Cracker Facilities (41 Total)
A3: # | B3: Product | C3: Company | D3: Location | E3: Capacity (kt) | F3: Year
A4: 1 | B4: Ethylene | C4: Lotte Chemical | D4: Daesan | E4: 1100 | F4: 1991
A5: 2 | B5: Ethylene | C5: HD Hyundai Chemical | D5: Daesan | E5: 850 | F5: 2021
A6: 3 | B6: Ethylene | C6: LG Chem | D6: Daesan | E6: 1300 | F6: 1991
A7: 4 | B7: Ethylene | C7: Hanwha TotalEnergies | D7: Daesan | E7: 1525 | F7: 1991
A8: 5 | B8: Ethylene | C8: Lotte Chemical | D8: Yeosu | E8: 1230 | F8: 1992
A9: 6 | B9: Ethylene | C9: LG Chem | D9: Yeosu | E9: 1030 | F9: 2021
A10: 7 | B10: Ethylene | C10: Yeochon NCC | D10: Yeosu | E10: 2285 | F10: 1979
A11: 8 | B11: Ethylene | C11: GS Caltex | D11: Yeosu | E11: 900 | F11: 2021
A12: 9 | B12: Ethylene | C12: Daehan Oil Chemical | D12: Onsan | E12: 900 | F12: 1991
A13: 10 | B13: Ethylene | C13: S-Oil | D13: Onsan | E13: 182 | F13: 2018
A14: 11 | B14: Ethylene | C14: SK Geocentric | D14: Ulsan | E14: 660 | F14: 1989
A15: 12 | B15: Propylene | C15: Lotte Chemical | D15: Daesan | E15: 550 | F15: 1997
... A44: 41 | B44: C-H | C44: Caprolactam | D44: Ulsan | E44: 190 | F44: 2000
A45: TOTAL | E45: =SUM(E4:E44)

Sheet 6_Ethylene_Facilities
A1: Ethylene Production Facilities (11 Total)
A3: # | B3: Company | C3: Location | D3: Capacity (kt) | E3: Year
A4: 1 | B4: Lotte Chemical | C4: Daesan | D4: 1100 | E4: 1991
A5: 2 | B5: HD Hyundai Chemical | C5: Daesan | D5: 850 | E5: 2021
A6: 3 | B6: LG Chem | C6: Daesan | D6: 1300 | E6: 1991
A7: 4 | B7: Hanwha TotalEnergies | C7: Daesan | D7: 1525 | E7: 1991
A8: 5 | B8: Lotte Chemical | C8: Yeosu | D8: 1230 | E8: 1992
A9: 6 | B9: LG Chem | C9: Yeosu | D9: 1030 | E9: 2021
A10: 7 | B10: Yeochon NCC | C10: Yeosu | D10: 2285 | E10: 1979
A11: 8 | B11: GS Caltex | C11: Yeosu | D11: 900 | E11: 2021
A12: 9 | B12: Daehan Oil Chemical | C12: Onsan | D12: 900 | E12: 1991
A13: 10 | B13: S-Oil | C13: Onsan | D13: 182 | E13: 2018
A14: 11 | B14: SK Geocentric | C14: Ulsan | D14: 660 | E14: 1989
A15: TOTAL | D15: =SUM(D4:D14)
